drop database if exists filRouge_irina;

create database filRouge_irina default character set utf8;

use filRouge_irina;

CREATE TABLE categories(
   cat_id INT NOT NULL AUTO_INCREMENT PRIMARY KEY,
   cat_nom VARCHAR(50) NOT NULL
) ENGINE=InnoDB;

CREATE TABLE soucateg(
   soucat_id INT NOT NULL AUTO_INCREMENT PRIMARY KEY,
   soucat_nom VARCHAR(50) NOT NULL,
   cat_id INT,
   FOREIGN KEY(cat_id) REFERENCES categories(cat_id)
) ENGINE=InnoDB;

CREATE TABLE fournisseurs(
   fou_id INT NOT NULL AUTO_INCREMENT PRIMARY KEY,
   fou_nom VARCHAR(50) NOT NULL,
   fou_adresse VARCHAR(150) NOT NULL,
   fou_tel VARCHAR(50) NOT NULL,
   fou_contact VARCHAR(150) NOT NULL,
   fou_mail VARCHAR(50) NOT NULL,
   fou_pays VARCHAR(50) NOT NULL,
   fou_ville VARCHAR(50) NOT NULL
) ENGINE=InnoDB;

CREATE TABLE produits(
   pro_id INT NOT NULL AUTO_INCREMENT PRIMARY KEY,
   pro_nom VARCHAR(50) NOT NULL,
   pro_lib VARCHAR(50) NOT NULL,
   pro_desc VARCHAR(250) NOT NULL,
   pro_photo VARCHAR(50),
   pro_prix DECIMAL(15,2) NOT NULL,
   pro_stock INT NOT NULL,
   pro_stock_alert INT NOT NULL,
   pro_date_ajout DATETIME NOT NULL,
   pro_publ TINYINT(1) NOT NULL,
   pro_cat_id INT NOT NULL,
   pro_fou_id INT NOT NULL,
   FOREIGN KEY(pro_cat_id) REFERENCES categories(cat_id),
   FOREIGN KEY(pro_fou_id) REFERENCES fournisseurs(fou_id)
) ENGINE=InnoDB;

CREATE TABLE livraisons(
   liv_id INT NOT NULL AUTO_INCREMENT PRIMARY KEY,
   liv_status CHAR(3) NOT NULL,
   liv_adresse VARCHAR(150) NOT NULL,
   liv_remarque VARCHAR(250)
) ENGINE=InnoDB;

CREATE TABLE salaries(
   sal_id INT NOT NULL AUTO_INCREMENT PRIMARY KEY,
   sal_nom VARCHAR(50) NOT NULL,
   sal_prenom VARCHAR(50) NOT NULL,
   sal_adresse VARCHAR(150),
   sal_ville VARCHAR(50),
   sal_tel VARCHAR(20) NOT NULL,
   sal_mail VARCHAR(150) NOT NULL,
   sal_enfants INT,
   sal_date_entree DATETIME NOT NULL
) ENGINE=InnoDB;


CREATE TABLE clients(
   cli_id INT NOT NULL AUTO_INCREMENT PRIMARY KEY,
   cli_nom VARCHAR(50) NOT NULL,
   cli_prenom VARCHAR(50) NOT NULL,
   cli_ville VARCHAR(100) NOT NULL,
   cli_adresse VARCHAR(150) NOT NULL,
   cli_tel VARCHAR(20) NOT NULL,
   cli_mail VARCHAR(50) NOT NULL,
   cli_mdp VARCHAR(150) NOT NULL,
   cli_ref VARCHAR(50) NOT NULL,
   cli_type TINYINT(1) NOT NULL,
   coeff DECIMAL(7,2) NOT NULL,
   cli_sal_id INT,
   FOREIGN KEY(cli_sal_id) REFERENCES salaries(sal_id)
) ENGINE=InnoDB;

CREATE TABLE commandes(
   com_id INT NOT NULL AUTO_INCREMENT PRIMARY KEY,
   com_date DATETIME NOT NULL,
   reduc DECIMAL(15,2) NOT NULL,
   paie_date DATETIME NOT NULL,
   paie_type TINYINT(1) NOT NULL,
   com_sal_id INT,
   com_cli_id INT,
   FOREIGN KEY(com_sal_id) REFERENCES salaries(sal_id),
   FOREIGN KEY(com_cli_id) REFERENCES clients(cli_id)
) ENGINE=InnoDB;

CREATE TABLE com_details(
   comdet_id INT NOT NULL AUTO_INCREMENT PRIMARY KEY,
   pro_quant INT NOT NULL,
   comdet_unit_price DECIMAL(7,2) NOT NULL,
   prix_com DECIMAL(7,2) NOT NULL,
   pro_id INT,
   com_id INT,
   FOREIGN KEY(pro_id) REFERENCES produits(pro_id),
   FOREIGN KEY(com_id) REFERENCES commandes(com_id)
) ENGINE=InnoDB;

CREATE TABLE livr_details(
   comdet_id INT,
   liv_id INT,
   liv_quant INT NOT NULL,
   liv_date DATETIME NOT NULL,
   rec_date DATETIME NOT NULL,
   liv_adresse VARCHAR(150) NOT NULL,
   PRIMARY KEY(comdet_id, liv_id),
   FOREIGN KEY(comdet_id) REFERENCES com_details(comdet_id),
   FOREIGN KEY(liv_id) REFERENCES livraisons(liv_id)
) ENGINE=InnoDB;


/* table categories */
INSERT INTO categories (cat_id, cat_nom) VALUES (1, 'Guitares & Basses'), (2, 'Amplis & Effets'), (3, 'Claviers & Pianos'), (4, 'Synthés & Sampleurs'), (5, 'Home Studio'), (6, 'Casques'), (7, 'Micros & HF'), (8, 'Espace DJ'), (9, 'Eclairage'), (10, 'Batteries & Percu');
INSERT INTO categories (cat_id, cat_nom) VALUES (11, 'Violons & Quatuor'), (12, 'Câbles & Access.');

/* table soucateg */
INSERT INTO soucateg (soucat_id, soucat_nom, cat_id)
VALUES (1, 'Guitare Electrique', 1), (2, 'Guitare Acoustique', 1), (3, 'Guitare Classique', 1), (4, 'Basse Electrique', 1), (5, 'Basse Acoustique', 1), (6, 'Basse Classique', 1), (7, 'Autres instruments à cordes pincées', 1), (8, 'Ampli Guitare Electrique', 2), (9, 'Ampli Guitare Acoustique', 2), (10, 'Ampli Basse', 2);
INSERT INTO soucateg (soucat_id, soucat_nom, cat_id)
VALUES (11, 'Effets Guitare Electrique', 2), (12, 'Effets Guitare Acoustique', 2), (13, 'Effets Basse', 2), (14, 'Piano numérique', 3), (15, 'Clavier de scène', 3), (16, 'Clavier arrangeur', 3), (17, 'Accordéon & Melodica', 3), (18, 'Orgue & Clavecin', 3), (19, 'Synthétiseur', 4), (20, 'Workstation', 4);
INSERT INTO soucateg (soucat_id, soucat_nom, cat_id)
VALUES (21, 'Sampleur / Groovebox', 4), (22, 'Enceinte', 5), (23, 'Enregistreur', 5), (24, 'Carte son & interface audio', 5), (25, 'Casque Studio & DJ', 6), (26, 'Casque Hi-Fi', 6), (27, 'Micro Chant', 7), (28, 'Micro Smartphone', 7), (29, 'Accessoires Micro', 7), (30, 'Contrôleur & Logiciel DJ', 8);
INSERT INTO soucateg (soucat_id, soucat_nom, cat_id)
VALUES (31, 'Mixeur & Effets DJ', 8), (32, 'Accessoires DJ', 8), (33, 'Jeux de lumière', 9), (34, 'Projecteur', 9), (35, 'Laser', 9), (36, 'Eclairage de Scène', 9), (37, 'Batterie Acoustique', 10), (38, 'Batterie Electronique', 10), (39, 'Percussions', 10), (40, 'Violon', 11);
INSERT INTO soucateg (soucat_id, soucat_nom, cat_id)
VALUES (41, 'Violoncelle', 11), (42, 'Contrebasse', 11), (43, 'Accordeur / Metronome / Pupitre', 12), (44, 'Alimentation & Stockage', 12), (45, 'Cablerie', 12), (46, 'Outillage', 12);

/* table fournisseurs */
INSERT INTO `fournisseurs` (`fou_nom`,`fou_adresse`,`fou_tel`,`fou_contact`,`fou_mail`,`fou_pays`,`fou_ville`) VALUES ("Morbi Metus Foundation","179-5582 Dolor, St.","05 99 80 43 51","Victor Roche","convallis.dolor@urnaNunc.co.uk","Western Sahara","Yegoryevsk"),("Sapien LLP","P.O. Box 752, 4833 Dictum St.","01 38 82 62 41","Titouan Simon","malesuada.fringilla@Morbineque.com","China","Heredia"),("Non PC","575-7444 Nulla. Avenue","06 02 32 58 12","Mélanie Dupuis","dictum.eu@Nullamfeugiat.edu","Albania","Szczecin"),("Metus Vivamus Euismod Ltd","110-5195 Adipiscing Rd.","07 71 39 32 69","Marion Nguyen","blandit@etpede.net","Philippines","Cali"),("Amet Consulting","Ap #954-2224 Vestibulum Av.","05 19 68 06 86","Anthony Huet","orci@arcueuodio.ca","Kiribati","Zoerle-Parwijs"),("Amet Consectetuer Adipiscing Industries","6276 Risus Street","02 75 71 28 10","Katell Charles","euismod.mauris@arcu.co.uk","Heard Island and Mcdonald Islands","Stratford"),("Vitae Nibh Donec Foundation","737-6788 Nulla Road","09 87 46 53 73","Maxime Millet","a@arcuVivamussit.ca","France","Warri"),("Adipiscing Elit Etiam Institute","187-9825 Lectus Ave","09 86 95 30 43","Maéva Dufour","iaculis@cursuspurusNullam.net","Syria","Wambeek"),("Lorem Ipsum Dolor Company","382 Id, Ave","02 10 03 65 08","Louna Lemaire","Cum.sociis@enimdiamvel.co.uk","Azerbaijan","Lampertheim"),("Urna Nec Industries","P.O. Box 562, 4215 Imperdiet Avenue","04 20 29 73 17","Émilie Royer","urna.et.arcu@Donec.ca","Sao Tome and Principe","El Quisco");
INSERT INTO `fournisseurs` (`fou_nom`,`fou_adresse`,`fou_tel`,`fou_contact`,`fou_mail`,`fou_pays`,`fou_ville`) VALUES ("Erat Etiam Institute","P.O. Box 489, 4287 Dictum. Rd.","01 08 44 91 09","Kylian Collin","eu@molestie.com","Guyana","Bielefeld"),("Sapien Incorporated","P.O. Box 680, 1532 Gravida. Av.","02 73 00 22 21","Noah Hubert","erat.Vivamus@Vivamus.org","Azerbaijan","Cache Creek"),("Sed Eget LLC","P.O. Box 255, 5835 Pede, Street","01 81 08 90 97","Roméo Muller","Aliquam.ultrices.iaculis@Aeneanmassa.net","Egypt","Cúcuta"),("Ante Blandit Incorporated","8973 Montes, Road","01 21 61 18 57","Colin Fabre","scelerisque.scelerisque@neceuismod.org","Costa Rica","Anseong"),("Duis Company","Ap #276-8074 Sociis St.","04 93 82 91 08","Florentin Herve","lectus@hendreritneque.org","Belize","Hospet"),("Et Pede Foundation","667-4555 Nam Ave","04 46 27 63 47","Jade Dupuis","nec@nisinibh.com","Netherlands","Zelzate"),("Montes Limited","166-4774 Arcu. Rd.","04 57 81 77 84","Lena Pons","at.augue@dignissimtempor.com","Hong Kong","San Pablo"),("Egestas Duis Ac Ltd","Ap #989-6863 Ac St.","09 23 96 06 40","Thibault Riviere","commodo.at.libero@PhasellusnullaInteger.ca","Saudi Arabia","Fauglia"),("Nostra Incorporated","5170 Non Av.","08 20 20 47 14","Cédric Gonzalez","consectetuer.adipiscing@sociisnatoquepenatibus.org","Rwanda","Colloredo di Monte Albano"),("Ipsum Sodales Associates","P.O. Box 143, 1548 Ligula. Av.","06 47 80 30 63","Tom Martin","montes.nascetur.ridiculus@molestiesodales.net","Chile","Brecon")

/* table salaries */
INSERT INTO `salaries` (`sal_id`,`sal_nom`,`sal_prenom`,`sal_tel`,`sal_mail`,`sal_ville`,`sal_adresse`,`sal_enfants`,`sal_date_entree`) VALUES (1,"Garnier","Colin","05 00 71 90 15","sem.ut.dolor@Nunccommodoauctor.com","Amiens","P.O. Box 124, 5669 Cras Rd.",2,"2015-04-05 22:29:34"),(2,"Martinez","Françoise","05 63 04 81 79","vestibulum.Mauris.magna@ametconsectetueradipiscing.org","Amiens","242-2724 Aliquam Rd.",2,"2015-11-26 06:55:01"),(3,"Jacquet","Angelina","04 44 07 03 97","parturient.montes.nascetur@cursus.ca","Abbeville","P.O. Box 425, 6282 Semper Road",1,"2017-11-17 09:59:10"),(4,"Joly","Adrien","02 94 54 45 89","gravida.non@purusinmolestie.com","Bersillies-l'Abbaye","810-2749 Ac Rd.",0,"2014-02-19 07:59:11"),(5,"Bourgeois","Lucie","03 64 73 37 41","magna.tellus@Donecegestas.edu","Comox","P.O. Box 690, 8732 Cum Road",2,"2017-02-16 21:19:45"),(6,"Menard","Dorian","01 63 66 29 47","dolor.quam@atpretiumaliquet.co.uk","Itanagar","Ap #147-891 Nibh St.",0,"2017-11-01 06:41:17"),(7,"Evrard","Mattéo","01 31 65 18 49","magna.Praesent.interdum@vitae.org","Batiscan","P.O. Box 438, 1105 Nonummy Road",0,"2014-02-05 19:23:29"),(8,"Arnaud","Angelina","09 68 49 12 57","In.nec.orci@arcuVestibulum.com","Delft","6855 Euismod Rd.",0,"2019-06-21 22:27:58"),(9,"Maillard","Corentin","09 01 49 88 44","eu.ultrices.sit@sapienimperdiet.net","Boston","Ap #550-6017 Aenean Rd.",0,"2019-07-04 20:46:43"),(10,"Robert","Mathéo","07 27 70 44 24","dolor@egetmetusIn.org","Ronciglione","9761 Convallis, Av.",5,"2020-01-03 23:46:33");
INSERT INTO `salaries` (`sal_id`,`sal_nom`,`sal_prenom`,`sal_tel`,`sal_mail`,`sal_ville`,`sal_adresse`,`sal_enfants`,`sal_date_entree`) VALUES (11,"Girard","Enzo","02 59 93 13 95","dui@molestiedapibus.ca","Amiens","Ap #701-6621 Ac Av.",0,"2018-12-24 21:00:23"),(12,"Marie","Constant","03 02 96 12 67","ultricies@in.org","Amiens","2537 Non Street",2,"2016-12-07 10:49:01"),(13,"David","Davy","04 55 32 65 01","neque@nonnisiAenean.co.uk","Abbeville","Ap #983-1276 Mattis. Road",1,"2019-12-01 12:55:37"),(14,"Lefevre","Rose","01 81 45 25 43","justo.eu@DonecestNunc.net","Roma","8700 Ipsum Road",0,"2019-01-22 06:55:57"),(15,"Collet","Gabin","09 08 69 47 38","nonummy@semper.edu","Durness","P.O. Box 183, 8689 Praesent St.",2,"2019-02-04 13:41:06"),(16,"Albert","Émile","07 62 03 21 46","montes.nascetur.ridiculus@In.ca","Timon","P.O. Box 614, 6686 Porttitor Ave",0,"2018-03-19 12:58:27"),(17,"Roussel","Tatiana","06 25 00 84 68","Donec.egestas@auctor.net","Fosses-la-Ville","Ap #884-286 Consectetuer Street",3,"2014-06-30 00:21:13"),(18,"Brunet","Mehdi","06 97 11 54 44","amet.ante@ategestas.ca","Heilbronn","1686 Libero St.",4,"2017-06-16 06:06:02"),(19,"Caron","Sara","01 84 48 45 85","fringilla@tempordiamdictum.org","San Pietro al Tanagro","975-4431 Ultrices St.",2,"2018-08-18 18:17:12"),(20,"Klein","Maxime","08 01 55 38 48","vel.quam@pedeetrisus.ca","Lac La Biche County","P.O. Box 482, 4235 Phasellus Road",1,"2018-02-16 23:13:28");
INSERT INTO `salaries` (`sal_id`,`sal_nom`,`sal_prenom`,`sal_tel`,`sal_mail`,`sal_ville`,`sal_adresse`,`sal_enfants`,`sal_date_entree`) VALUES (21,"Lucas","Renaud","02 32 80 63 93","nulla.Donec.non@a.edu","Amiens","2207 Mauris Rd.",2,"2015-03-25 06:35:27"),(22,"Bourgeois","Solene","07 15 48 36 79","dictum.ultricies@arcuimperdiet.edu","Amiens","P.O. Box 615, 6889 Pharetra. Rd.",2,"2016-10-16 22:04:47"),(23,"Nicolas","Sarah","04 84 57 71 81","elit@Donec.edu","Abbeville","262-4345 Hendrerit Road",1,"2018-12-11 09:57:34"),(24,"Lemaire","Clara","04 81 20 64 73","nunc@libero.ca","Duitama","P.O. Box 936, 5884 Ut Ave",2,"2016-03-02 22:55:54"),(25,"Bailly","Antonin","03 65 70 72 61","lorem@maurissapien.org","Dreieich","622-9732 Venenatis Road",2,"2015-04-28 09:19:03"),(26,"Barre","Gabriel","05 41 18 42 75","nec.mollis.vitae@Crasvulputate.org","Ramagundam","Ap #129-3577 At Road",0,"2013-10-03 02:44:32"),(27,"Meyer","Maéva","07 05 68 51 49","elementum.at.egestas@Loremipsum.co.uk","Dieppe","Ap #605-1926 Elementum, Av.",3,"2019-01-18 20:06:05"),(28,"Boulanger","Mehdi","05 94 90 84 38","turpis@Aliquam.ca","Harbour Grace","Ap #883-891 Sagittis. Rd.",3,"2019-04-11 23:05:10"),(29,"Faure","Émile","06 35 40 19 40","risus.Donec.egestas@eueuismodac.com","Newark","9481 Cubilia St.",1,"2014-11-28 20:02:03"),(30,"Pereira","Samuel","01 29 99 16 14","lacus.vestibulum@sit.org","Mansfield-et-Pontefract","2070 Pellentesque Ave",4,"2018-09-22 16:46:44");


/* table clients */

/* clients particuliers */
INSERT INTO `clients` (`cli_id`,`cli_nom`,`cli_prenom`,`cli_ville`,`cli_adresse`,`cli_tel`,`cli_mail`,`cli_mdp`,`cli_ref`,`cli_type`,`coeff`,`cli_sal_id`) VALUES (1,"Mitchell","Callum","Badajoz","376-9055 Massa Av.","01 15 24 02 73","non@dui.com","MHN14KSH6HU",100,0,1.40,24),(2,"Burton","Dillon","Amiens","Appartement 192-4479 Eget Rd.","02 77 86 01 49","sagittis@Nullamsuscipitest.com","GNL72OVH5VA",101,0,1.40,22),(3,"Nielsen","Blythe","Maria","9952 Libero Ave","04 22 74 23 63","Donec.consectetuer.mauris@felisadipiscing.co.uk","IUL34QEI1LZ",102,0,1.40,24),(4,"Hickman","Neil","Pontey","651-1863 In Rue","08 05 72 91 50","fringilla@Vivamus.co.uk","AKR98PVR8KQ",103,0,1.40,22),(5,"Gilliam","Madison","Omaha","550-7051 Lorem Impasse","08 46 82 87 54","felis.Donec.tempor@Proinnon.com","MHI97TKD9YF",104,0,1.40,24),(6,"Cummings","Lunea","Lithgow","9446 Lacinia Chemin","08 60 87 96 80","ac.fermentum@aliquetmolestietellus.ca","QHV67PJQ0WO",105,0,1.40,24),(7,"Dyer","Iona","Coaldale","CP 267, 7990 Duis Av.","01 29 70 22 72","sit.amet.ultricies@et.com","YZX33XRJ8MZ",106,0,1.40,24),(8,"Molina","Jeremy","Miramichi","699-7648 Integer Avenue","05 65 89 77 06","et@ametconsectetueradipiscing.net","BYV02CFL5KL",107,0,1.40,21),(9,"Hansen","Juliet","Aylmer","7289 Diam Avenue","04 70 93 00 85","accumsan.neque.et@Aliquamornare.com","BGY88UKX7VE",108,0,1.40,23),(10,"Austin","Beverly","Regensburg","8165 Ante. Route","08 32 26 96 56","erat.eget.tincidunt@ametornarelectus.org","ZKN55SSB1ZZ",109,0,1.40,25);
INSERT INTO `clients` (`cli_id`,`cli_nom`,`cli_prenom`,`cli_ville`,`cli_adresse`,`cli_tel`,`cli_mail`,`cli_mdp`,`cli_ref`,`cli_type`,`coeff`,`cli_sal_id`) VALUES (11,"Herring","Cora","Castle Douglas","CP 295, 1675 Malesuada Route","08 57 03 58 89","ipsum@aneque.ca","KVR91RPY3ZM",110,0,1.40,21),(12,"Haynes","Ulric","Gijzegem","Appartement 147-3141 Nullam Rue","03 75 38 93 61","In.tincidunt@sodalesatvelit.ca","GAK01KSK1MA",111,0,1.40,22),(13,"Salazar","Reese","Ciudad Madero","Appartement 281-7773 Turpis Route","04 28 12 28 34","odio.auctor.vitae@lacusMaurisnon.net","MCC86GWJ4GK",112,0,1.40,23),(14,"Wallace","Harper","Miranda","CP 747, 4626 Aliquam Rue","06 17 72 32 88","magna.a@et.com","TZR35QLQ6HB",113,0,1.40,21),(15,"Rogers","Kirestin","Copertino","CP 683, 991 Ut Impasse","04 03 17 47 28","feugiat.Lorem.ipsum@luctus.net","MVE54WPX4YA",114,0,1.40,23),(16,"Robbins","Darius","Gonda","Appartement 864-5657 Non, Av.","02 38 39 51 01","Donec@estMauriseu.edu","RBZ93XQS9JT",115,0,1.40,21),(17,"Ellis","Ira","Masterton","Appartement 754-5720 Ac Ave","03 64 43 31 24","venenatis.a.magna@sitamet.com","SOI97FGY0RD",116,0,1.40,24),(18,"Grimes","Cherokee","Pelotas","Appartement 557-2202 Arcu Route","05 76 57 27 53","iaculis.lacus@rutrumjustoPraesent.co.uk","KJJ36RFE3WQ",117,0,1.40,21),(19,"Merrill","Hamilton","Avise","768-8440 Adipiscing. Impasse","02 57 25 93 86","inceptos.hymenaeos@Nuncmauris.com","ZNZ30MAV9NH",118,0,1.40,24),(20,"Reyes","Kaseem","Saint John","CP 519, 6566 Placerat Route","05 97 73 29 98","ut.cursus.luctus@cubiliaCurae.org","HAD47XSX5TM",119,0,1.40,21);
INSERT INTO `clients` (`cli_id`,`cli_nom`,`cli_prenom`,`cli_ville`,`cli_adresse`,`cli_tel`,`cli_mail`,`cli_mdp`,`cli_ref`,`cli_type`,`coeff`,`cli_sal_id`) VALUES (21,"Atkins","Lois","Minto","CP 138, 1084 Sagittis. Chemin","07 14 46 02 60","mauris.Suspendisse@scelerisquescelerisquedui.ca","QLN22XKB1MB",120,0,1.40,22),(22,"Warren","Aaron","Leeuwarden","Appartement 220-1539 Ac Route","05 65 07 40 30","lacinia@lobortis.co.uk","MIU25GYS6QR",121,0,1.40,24),(23,"Waters","Honorato","Oberpullendorf","Appartement 148-6304 Sapien, Impasse","04 74 40 74 68","natoque@loremeu.net","TOI06MCA4QB",122,0,1.40,25),(24,"Spence","Montana","Sotteville-lès-Rouen","CP 511, 9926 Sem Route","04 43 65 45 12","eu@atpedeCras.org","YRP48OFU8DQ",123,0,1.40,23),(25,"Turner","Xandra","Henis","CP 109, 2623 Cras Route","09 76 78 55 85","libero.et@ligulaAliquamerat.net","EBY77AHP5IN",124,0,1.40,22),(26,"England","Dai","Kolhapur","850-1483 Magna Route","07 48 26 06 82","ante@Proin.org","CUW13TBX9EN",125,0,1.40,21),(27,"Mayo","Leroy","Belcarra","6669 Neque Chemin","01 44 43 35 89","lorem@euodio.com","LDI36IYQ0WZ",126,0,1.40,21),(28,"Sanchez","Jade","Bad Vilbel","CP 950, 4417 Nec, Ave","09 86 07 25 67","elit@Vestibulumaccumsanneque.com","BQX51LAQ5RF",127,0,1.40,23),(29,"Ashley","Rahim","Massenhoven","4226 Sit Chemin","04 77 85 23 57","imperdiet@amet.com","DIR97IXS4IY",128,0,1.40,25),(30,"Ball","Mikayla","Sandy","Appartement 130-8273 Consectetuer Av.","05 55 05 68 37","aliquam@nonummy.com","MSV80PIN2MU",129,0,1.40,23);
INSERT INTO `clients` (`cli_id`,`cli_nom`,`cli_prenom`,`cli_ville`,`cli_adresse`,`cli_tel`,`cli_mail`,`cli_mdp`,`cli_ref`,`cli_type`,`coeff`,`cli_sal_id`) VALUES (31,"Alvarez","Kathleen","Glendon","CP 671, 5720 Ante, Rue","07 58 24 56 46","at@Nullatinciduntneque.net","ZID46NFQ2VT",130,0,1.40,21),(32,"Jefferson","Garrett","Newbury","CP 239, 1193 Molestie. Av.","04 84 78 57 64","lacus.varius.et@utmiDuis.edu","TVO46HNR3IH",131,0,1.40,22),(33,"Holt","Kasper","Bad Dürkheim","CP 272, 2231 Nulla. Chemin","03 72 06 13 84","ante.dictum@Integer.com","YWT31TDO8KF",132,0,1.40,25),(34,"Blake","Magee","Paderborn","727-4200 Libero. Avenue","08 33 58 59 87","at.arcu.Vestibulum@ligula.net","IYG42IXT1XV",133,0,1.40,22),(35,"Gordon","Alvin","Fort Smith","Appartement 874-445 Eleifend Av.","05 39 26 20 29","Phasellus.libero@dui.edu","NUM37BPA8OW",134,0,1.40,21),(36,"Elliott","Judith","Guadalajara","Appartement 751-827 Erat, Chemin","04 01 21 55 31","nibh.lacinia@maurisrhoncusid.org","ISK04BJW9JK",135,0,1.40,22),(37,"Velasquez","Dexter","Santa Cesarea Terme","CP 144, 6284 Justo. Rue","09 84 09 58 63","eu@nascetur.com","GRW57UDZ1IJ",136,0,1.40,21),(38,"Lyons","Gil","Burgos","CP 328, 8971 Augue, Impasse","04 01 84 75 07","sapien@sit.com","PRK65QNQ2YW",137,0,1.40,25),(39,"Mullen","Arden","Stonewall","2903 Metus. Ave","02 17 30 22 69","euismod@magnisdis.edu","VWY12DZV3UQ",138,0,1.40,23),(40,"Armstrong","Jerome","Nodebais","CP 490, 2957 Non Rd.","08 79 82 16 50","magna.Praesent.interdum@utmolestie.net","QXX78RYU0XH",139,0,1.40,23);
/* clients commercials */
INSERT INTO `clients` (`cli_id`,`cli_nom`,`cli_prenom`,`cli_ville`,`cli_adresse`,`cli_tel`,`cli_mail`,`cli_mdp`,`cli_ref`,`cli_type`,`coeff`,`cli_sal_id`) VALUES (41,"Ornare Industries","Fallon Hurst","Brussegem","Appartement 776-2720 Erat Chemin","09 01 16 90 97","vulputate@penatibus.ca","HYA59MRM2RJ",200,1,1.25,15),(42,"Lorem Donec Elementum Corporation","Emery Warner","Ovalle","Appartement 768-7477 Non Avenue","08 61 50 62 33","lacus.Quisque@risusNullaeget.com","XLV67SOE5GF",201,1,1.25,16),(43,"Semper Dui PC","Rudyard Farmer","Naushahro Firoze","6115 Per Ave","08 38 98 38 10","Etiam.ligula@aodio.edu","DAA33OKY6PA",202,1,1.25,15),(44,"Ullamcorper LLP","Emery Greene","Montebello","Appartement 279-4146 Sem Route","04 76 69 65 73","Etiam@vulputate.net","SQB00CVI5MG",203,1,1.25,18),(45,"Auctor Foundation","Ignacia Case","Port Coquitlam","918-4777 Ac Avenue","03 02 59 31 16","scelerisque.sed.sapien@eu.ca","JJF37VXS3MX",204,1,1.25,18),(46,"Ligula Aliquam Erat Ltd","Marshall Leonard","Melle","CP 619, 2784 Leo. Av.","03 49 37 25 39","eu@sedfacilisis.org","DKW08ZUT9HZ",205,1,1.25,19),(47,"Nulla Interdum Curabitur Associates","Phillip Dickson","Stokrooie","6202 Consectetuer Ave","07 78 45 29 56","nisl@erosProin.co.uk","EMC34ZQC3TN",206,1,1.25,15),(48,"Cras Corporation","Sigourney Brady","Veraval","Appartement 487-3041 In Ave","09 64 17 81 56","arcu.iaculis.enim@felisDonec.co.uk","LNM53GYR9UJ",207,1,1.25,15),(49,"Ultrices Iaculis Odio Corp.","Phelan Mcdaniel","Offida","1130 Amet, Avenue","03 07 55 13 25","orci.Donec@temporarcuVestibulum.edu","UAB51DCV2YA",208,1,1.25,19),(50,"Et Commodo At PC","James Schneider","Nueva Imperial","3537 Interdum Impasse","03 54 85 03 85","ornare@loremipsumsodales.co.uk","KTT37TEE8FU",209,1,1.25,20);
INSERT INTO `clients` (`cli_id`,`cli_nom`,`cli_prenom`,`cli_ville`,`cli_adresse`,`cli_tel`,`cli_mail`,`cli_mdp`,`cli_ref`,`cli_type`,`coeff`,`cli_sal_id`) VALUES (51,"Facilisis Corporation","Josephine Higgins","Oppido Mamertina","CP 509, 228 Adipiscing Ave","07 36 20 87 50","Proin.velit.Sed@atlacusQuisque.net","SYG85WTW1JE",210,1,1.25,18),(52,"Velit In Consulting","Emily Rowland","Chandler","8294 Magna Impasse","05 57 27 93 40","a.neque.Nullam@tincidunt.com","GAZ37QDV8KJ",211,1,1.25,15),(53,"Rutrum Fusce Dolor Consulting","Whoopi Bell","Logan City","CP 923, 8582 Lobortis Avenue","04 57 01 78 05","mauris.sapien.cursus@venenatislacus.co.uk","YXR81FBS7DL",212,1,1.25,19),(54,"Mauris LLP","Brielle Stokes","Juazeiro do Norte","CP 402, 8174 Morbi Rd.","05 56 08 93 82","tincidunt@turpis.com","RYR55JQU8OC",213,1,1.25,15),(55,"Donec Corp.","Wallace Mercado","Omal","CP 598, 1802 Nibh. Av.","01 84 98 96 44","Vivamus.non@Donecatarcu.edu","DTH10LGF2CD",214,1,1.25,16),(56,"Quis Urna Institute","Erasmus Alvarado","Fürstenwalde","CP 365, 7771 Nam Impasse","02 66 28 64 47","quis.pede.Suspendisse@gravidanunc.org","TAK78WMA0CM",215,1,1.25,15),(57,"Orci Quis Lectus Ltd","Ayanna Leblanc","Parbhani","4687 Ullamcorper. Av.","04 35 33 69 16","ultrices.posuere@interdumenim.ca","SYB73LCF7EE",216,1,1.25,19),(58,"Sed Pede Nec Limited","Vincent Alvarado","Pathankot","CP 101, 8469 Orci. Impasse","02 96 33 37 35","in.hendrerit.consectetuer@facilisisegetipsum.net","HDL01OXS9KB",217,1,1.25,17),(59,"Donec Consectetuer PC","Jada Burnett","Busso","Appartement 466-9197 Magna. Avenue","06 11 77 39 83","nulla.vulputate.dui@liberoat.net","IDP07EJT6WH",218,1,1.25,19),(60,"Et Netus Et Company","Paul Russell","Bad Dürkheim","CP 485, 6765 Maecenas Rue","04 25 80 63 78","Nam.interdum.enim@mauris.ca","BUL60IRI2VE",219,1,1.25,17);


/* table produits */

INSERT INTO `produits` (`pro_nom`,`pro_lib`,`pro_desc`,`pro_stock`,`pro_stock_alert`,`pro_date_ajout`,`pro_publ`,`pro_cat_id`,`pro_fou_id`,`pro_prix`) VALUES ("arcu vel","velit. Pellentesque ultricies","Lorem ipsum dolor sit amet, consectetuer adipiscing elit. Curabitur sed tortor. Integer aliquam adipiscing lacus. Ut nec urna et arcu imperdiet ullamcorper.",24,10,"2020-01-21 20:23:14","0","1","1",28),("est. Mauris","mi tempor lorem, eget","Lorem ipsum dolor sit amet, consectetuer adipiscing elit. Curabitur sed tortor. Integer aliquam adipiscing lacus. Ut nec urna et arcu imperdiet ullamcorper. Duis at lacus. Quisque purus sapien,",21,5,"2020-03-06 17:25:48","0","1","1",107),("et","sit amet","Lorem ipsum dolor sit amet, consectetuer adipiscing elit. Curabitur sed tortor. Integer aliquam adipiscing lacus. Ut nec urna et arcu imperdiet ullamcorper. Duis at lacus.",22,8,"2020-02-02 02:23:04","0","1","1",132),("mauris sit","ullamcorper magna.","Lorem ipsum dolor sit amet, consectetuer adipiscing elit. Curabitur sed tortor. Integer aliquam adipiscing lacus.",18,4,"2020-03-26 14:05:05","1","1","1",101),("dictum sapien.","ipsum nunc id","Lorem ipsum dolor sit amet, consectetuer adipiscing elit. Curabitur sed tortor. Integer aliquam adipiscing lacus. Ut nec urna et arcu imperdiet ullamcorper. Duis at lacus. Quisque",25,4,"2020-02-08 21:02:56","0","1","1",38),("enim.","Sed neque. Sed eget lacus.","Lorem ipsum dolor sit amet, consectetuer adipiscing elit. Curabitur sed",9,7,"2020-02-29 07:43:40","0","1","1",127),("nunc","in consequat enim","Lorem ipsum dolor sit amet, consectetuer adipiscing elit. Curabitur sed tortor. Integer aliquam adipiscing lacus. Ut nec urna et arcu imperdiet ullamcorper. Duis at lacus. Quisque purus",21,4,"2020-03-05 08:03:06","1","1","1",91),("Sed eu","Proin vel","Lorem ipsum dolor sit amet, consectetuer adipiscing elit. Curabitur sed tortor. Integer",19,6,"2020-04-02 03:46:02","1","1","1",29),("nunc","sit amet","Lorem ipsum dolor sit amet, consectetuer adipiscing elit. Curabitur sed tortor. Integer aliquam adipiscing lacus. Ut nec urna et arcu imperdiet ullamcorper. Duis at",17,7,"2020-01-19 05:32:29","0","1","1",59),("pede,","nec, eleifend non, dapibus rutrum,","Lorem ipsum dolor sit amet, consectetuer adipiscing elit. Curabitur sed tortor. Integer aliquam",18,4,"2020-03-25 22:27:59","1","1","1",103);
INSERT INTO `produits` (`pro_nom`,`pro_lib`,`pro_desc`,`pro_stock`,`pro_stock_alert`,`pro_date_ajout`,`pro_publ`,`pro_cat_id`,`pro_fou_id`,`pro_prix`) VALUES ("mauris. Integer","tempor lorem,","Lorem ipsum dolor sit amet, consectetuer adipiscing elit. Curabitur sed tortor. Integer aliquam adipiscing lacus. Ut nec urna et arcu imperdiet ullamcorper. Duis at lacus. Quisque purus sapien,",12,4,"2020-03-27 09:11:09","0","11","2",10),("a","vitae odio","Lorem ipsum dolor sit amet, consectetuer adipiscing elit. Curabitur sed tortor. Integer aliquam adipiscing lacus. Ut nec urna et arcu imperdiet ullamcorper. Duis at lacus. Quisque purus sapien,",18,4,"2020-01-07 19:52:10","1","11","2",4),("urna. Nunc","et","Lorem ipsum dolor sit amet, consectetuer adipiscing elit. Curabitur sed tortor. Integer aliquam adipiscing lacus.",24,4,"2020-04-07 12:10:41","1","11","2",124),("ullamcorper.","ac, eleifend vitae, erat. Vivamus","Lorem ipsum dolor sit amet, consectetuer adipiscing elit. Curabitur sed",12,6,"2020-02-27 13:31:33","1","11","2",84),("aliquam eros","dignissim pharetra. Nam ac nulla.","Lorem ipsum dolor sit amet, consectetuer adipiscing elit. Curabitur sed tortor. Integer aliquam",14,5,"2020-02-06 07:50:47","0","11","2",81),("Fusce","erat. Etiam","Lorem ipsum dolor sit amet, consectetuer adipiscing elit. Curabitur sed tortor. Integer aliquam adipiscing lacus. Ut nec urna et arcu imperdiet ullamcorper. Duis",24,9,"2020-02-18 12:32:22","1","11","2",42),("cursus","non leo. Vivamus nibh dolor,","Lorem ipsum dolor sit amet, consectetuer adipiscing elit. Curabitur sed tortor. Integer aliquam adipiscing lacus. Ut nec urna et arcu imperdiet ullamcorper. Duis at lacus. Quisque purus sapien, gravida",17,4,"2020-03-14 04:43:57","1","11","2",134),("Sed eu","malesuada","Lorem ipsum dolor sit amet, consectetuer adipiscing elit. Curabitur sed tortor. Integer aliquam adipiscing lacus. Ut",24,6,"2020-02-14 22:06:39","0","11","2",82),("magna tellus","sit","Lorem ipsum dolor sit amet, consectetuer adipiscing elit. Curabitur sed tortor. Integer aliquam adipiscing lacus. Ut nec urna et arcu imperdiet ullamcorper. Duis",12,7,"2020-03-18 20:29:53","1","11","2",42),("a feugiat","sed tortor. Integer aliquam adipiscing","Lorem ipsum dolor sit amet, consectetuer adipiscing elit. Curabitur sed tortor. Integer aliquam adipiscing lacus. Ut nec urna",12,7,"2020-02-24 06:09:00","1","11","2",3);
INSERT INTO `produits` (`pro_nom`,`pro_lib`,`pro_desc`,`pro_stock`,`pro_stock_alert`,`pro_date_ajout`,`pro_publ`,`pro_cat_id`,`pro_fou_id`,`pro_prix`) VALUES ("neque vitae","urna suscipit","Lorem ipsum dolor sit amet, consectetuer adipiscing elit. Curabitur sed tortor. Integer aliquam adipiscing lacus.",17,4,"2020-02-28 23:11:18","1","1","1",14),("facilisis","lobortis, nisi","Lorem ipsum dolor sit amet, consectetuer adipiscing elit. Curabitur sed tortor. Integer",17,4,"2020-03-12 08:15:22","1","1","1",51),("faucibus id,","libero at","Lorem ipsum dolor sit amet, consectetuer adipiscing elit. Curabitur sed tortor. Integer aliquam adipiscing lacus. Ut",16,4,"2020-03-11 20:22:19","0","1","1",131),("Suspendisse tristique","vel, vulputate eu, odio. Phasellus","Lorem ipsum dolor sit amet, consectetuer adipiscing elit. Curabitur sed",24,4,"2020-03-30 16:00:30","1","1","1",102),("dolor egestas","tellus faucibus leo, in","Lorem ipsum dolor sit amet, consectetuer adipiscing elit. Curabitur sed tortor. Integer aliquam adipiscing lacus. Ut nec urna et arcu imperdiet ullamcorper. Duis at lacus. Quisque purus sapien, gravida non,",15,9,"2020-02-08 16:54:31","0","1","1",26),("lectus rutrum","sem eget massa. Suspendisse","Lorem ipsum dolor sit amet, consectetuer adipiscing elit. Curabitur sed tortor. Integer aliquam adipiscing lacus. Ut nec urna et arcu imperdiet ullamcorper. Duis at lacus. Quisque purus sapien,",9,10,"2020-02-13 03:13:38","1","1","1",66),("ut mi.","gravida","Lorem ipsum dolor sit amet, consectetuer adipiscing elit. Curabitur sed tortor. Integer",15,9,"2020-03-27 08:16:38","1","1","1",128),("aliquam eu,","eu nulla","Lorem ipsum dolor sit amet, consectetuer adipiscing elit. Curabitur sed tortor. Integer aliquam adipiscing lacus. Ut nec urna et arcu",24,6,"2020-01-16 05:05:48","0","1","1",120),("consectetuer ipsum","et tristique pellentesque,","Lorem ipsum dolor sit amet, consectetuer adipiscing elit. Curabitur sed tortor. Integer aliquam adipiscing lacus. Ut nec urna et arcu imperdiet ullamcorper. Duis at lacus. Quisque purus sapien, gravida",23,9,"2020-03-30 00:58:00","1","1","1",7),("cursus. Nunc","placerat eget, venenatis a,","Lorem ipsum dolor sit amet, consectetuer adipiscing elit. Curabitur sed tortor. Integer aliquam adipiscing lacus. Ut nec urna et arcu imperdiet",19,4,"2020-02-08 08:39:51","0","1","1",95);
INSERT INTO `produits` (`pro_nom`,`pro_lib`,`pro_desc`,`pro_stock`,`pro_stock_alert`,`pro_date_ajout`,`pro_publ`,`pro_cat_id`,`pro_fou_id`,`pro_prix`) VALUES ("dolor, nonummy","sollicitudin orci sem eget massa.","Lorem ipsum dolor sit amet, consectetuer adipiscing elit. Curabitur sed",22,10,"2020-03-10 11:42:26","1","11","2",45),("a ultricies","sodales elit erat","Lorem ipsum dolor sit amet, consectetuer adipiscing elit. Curabitur sed tortor. Integer aliquam adipiscing lacus. Ut nec urna et arcu imperdiet ullamcorper. Duis at lacus. Quisque",20,8,"2020-04-01 21:56:18","1","11","2",27),("quis turpis","ipsum","Lorem ipsum dolor sit amet, consectetuer adipiscing elit. Curabitur sed tortor. Integer aliquam adipiscing lacus. Ut nec urna et arcu imperdiet",17,5,"2020-04-06 15:45:02","0","11","2",93),("vulputate","dui quis accumsan","Lorem ipsum dolor sit amet, consectetuer adipiscing elit. Curabitur sed tortor. Integer aliquam adipiscing lacus.",9,8,"2020-03-06 23:32:19","0","11","2",15),("bibendum","Etiam imperdiet dictum magna.","Lorem ipsum dolor sit amet, consectetuer adipiscing elit. Curabitur sed tortor.",23,7,"2020-01-02 08:59:24","0","11","2",93),("mi.","orci","Lorem ipsum dolor sit amet, consectetuer adipiscing elit. Curabitur sed tortor. Integer aliquam adipiscing lacus. Ut nec urna et arcu imperdiet ullamcorper. Duis at",20,10,"2020-01-16 05:43:15","0","11","2",52),("purus","Donec tincidunt.","Lorem ipsum dolor sit amet, consectetuer adipiscing elit. Curabitur sed tortor. Integer",10,6,"2020-03-01 10:23:49","0","11","2",84),("Suspendisse eleifend.","amet metus. Aliquam erat volutpat.","Lorem ipsum dolor sit amet, consectetuer adipiscing elit. Curabitur sed tortor. Integer aliquam adipiscing lacus. Ut nec urna",22,9,"2020-02-08 18:29:30","0","11","2",78),("ac","mi.","Lorem ipsum dolor sit amet, consectetuer adipiscing elit. Curabitur sed tortor. Integer aliquam adipiscing lacus. Ut nec urna et arcu imperdiet ullamcorper. Duis at lacus. Quisque purus sapien, gravida",16,4,"2020-03-30 19:15:54","0","11","2",49),("non","aliquet lobortis,","Lorem ipsum dolor sit amet, consectetuer adipiscing elit. Curabitur sed tortor. Integer aliquam adipiscing lacus.",13,9,"2020-02-09 16:31:19","1","11","2",23);
INSERT INTO `produits` (`pro_nom`,`pro_lib`,`pro_desc`,`pro_stock`,`pro_stock_alert`,`pro_date_ajout`,`pro_publ`,`pro_cat_id`,`pro_fou_id`,`pro_prix`) VALUES ("vel lectus.","ac urna. Ut","Lorem ipsum dolor sit amet, consectetuer adipiscing elit. Curabitur sed tortor. Integer aliquam adipiscing lacus. Ut nec urna et arcu imperdiet ullamcorper. Duis at lacus.",17,10,"2020-03-03 14:41:23","0","1","1",100),("lacinia vitae,","cursus a, enim. Suspendisse aliquet,","Lorem ipsum dolor sit amet, consectetuer adipiscing elit. Curabitur sed tortor. Integer aliquam adipiscing lacus. Ut nec urna et arcu imperdiet ullamcorper. Duis at lacus. Quisque purus sapien,",25,9,"2020-01-07 01:21:52","0","1","1",31),("rutrum","nunc,","Lorem ipsum dolor sit amet, consectetuer adipiscing elit. Curabitur sed tortor. Integer aliquam adipiscing lacus. Ut nec urna et arcu imperdiet ullamcorper.",12,6,"2020-01-16 14:46:44","0","1","1",24),("nisl. Maecenas","Aliquam","Lorem ipsum dolor sit amet, consectetuer adipiscing elit. Curabitur sed tortor. Integer aliquam adipiscing lacus. Ut nec urna et arcu imperdiet ullamcorper. Duis at lacus. Quisque",19,10,"2020-01-30 05:58:03","1","1","1",118),("sit","per conubia nostra, per inceptos","Lorem ipsum dolor sit amet, consectetuer adipiscing elit. Curabitur sed tortor. Integer aliquam adipiscing",10,6,"2020-02-10 13:30:22","1","1","1",2),("tincidunt congue","ante dictum cursus.","Lorem ipsum dolor sit amet, consectetuer adipiscing elit. Curabitur sed tortor. Integer aliquam adipiscing lacus. Ut nec urna et arcu imperdiet ullamcorper.",22,6,"2020-02-13 02:34:56","1","1","1",45),("luctus","taciti sociosqu ad litora torquent","Lorem ipsum dolor sit amet, consectetuer adipiscing elit. Curabitur sed tortor. Integer aliquam adipiscing lacus. Ut nec urna et arcu imperdiet ullamcorper. Duis at lacus. Quisque purus sapien, gravida non,",22,9,"2020-03-29 19:26:48","0","1","1",52),("sed dolor.","ipsum","Lorem ipsum dolor sit amet, consectetuer adipiscing elit. Curabitur sed tortor. Integer aliquam adipiscing lacus. Ut nec urna et",9,4,"2020-02-29 13:53:07","0","1","1",29),("Nunc","vulputate, risus a ultricies","Lorem ipsum dolor sit amet, consectetuer adipiscing elit. Curabitur sed tortor. Integer aliquam adipiscing lacus. Ut nec urna et arcu imperdiet ullamcorper. Duis at lacus. Quisque purus sapien, gravida",15,8,"2020-04-08 03:51:27","0","1","1",5),("tincidunt dui","at risus. Nunc","Lorem ipsum dolor sit amet, consectetuer adipiscing elit. Curabitur sed tortor.",16,5,"2020-04-02 01:31:51","0","1","1",132);
INSERT INTO `produits` (`pro_nom`,`pro_lib`,`pro_desc`,`pro_stock`,`pro_stock_alert`,`pro_date_ajout`,`pro_publ`,`pro_cat_id`,`pro_fou_id`,`pro_prix`) VALUES ("egestas","risus.","Lorem ipsum dolor sit amet, consectetuer adipiscing elit. Curabitur sed tortor. Integer aliquam adipiscing lacus. Ut",21,4,"2020-03-13 08:25:36","0","11","2",127),("libero lacus,","Curabitur consequat, lectus sit amet","Lorem ipsum dolor sit amet, consectetuer adipiscing elit. Curabitur sed tortor. Integer aliquam adipiscing lacus. Ut nec urna et arcu imperdiet",12,4,"2020-02-14 17:58:04","1","11","2",68),("sem mollis","neque. Morbi","Lorem ipsum dolor sit amet, consectetuer adipiscing elit. Curabitur sed tortor. Integer aliquam",14,6,"2020-02-16 03:00:34","0","11","2",91),("Maecenas","Duis risus odio,","Lorem ipsum dolor sit amet, consectetuer adipiscing elit. Curabitur sed tortor. Integer aliquam adipiscing lacus. Ut nec urna",18,10,"2020-01-08 19:26:18","0","11","2",126),("massa.","mauris. Morbi non sapien molestie","Lorem ipsum dolor sit amet, consectetuer adipiscing elit. Curabitur sed tortor. Integer aliquam adipiscing lacus. Ut nec",16,10,"2020-04-03 03:13:52","1","11","2",23),("consequat nec,","arcu. Morbi","Lorem ipsum dolor sit amet, consectetuer adipiscing elit. Curabitur sed tortor. Integer aliquam adipiscing lacus.",21,4,"2020-03-24 09:28:55","0","11","2",83),("volutpat.","egestas. Fusce aliquet magna","Lorem ipsum dolor sit amet, consectetuer adipiscing elit. Curabitur sed tortor. Integer aliquam adipiscing lacus. Ut nec urna et arcu imperdiet ullamcorper. Duis at lacus. Quisque",22,7,"2020-03-30 02:29:21","1","11","2",30),("dis parturient","ac orci.","Lorem ipsum dolor sit amet, consectetuer adipiscing elit. Curabitur sed tortor. Integer aliquam adipiscing lacus. Ut nec urna et arcu imperdiet",11,8,"2020-01-20 10:30:31","0","11","2",99),("Etiam laoreet,","auctor odio a","Lorem ipsum dolor sit amet, consectetuer adipiscing elit. Curabitur sed tortor. Integer aliquam adipiscing lacus.",17,5,"2020-03-24 09:09:38","0","11","2",88),("egestas","Duis volutpat nunc","Lorem ipsum dolor sit amet, consectetuer adipiscing elit. Curabitur sed tortor. Integer aliquam adipiscing lacus. Ut nec urna et arcu imperdiet ullamcorper. Duis at lacus. Quisque purus sapien, gravida",18,9,"2020-04-02 08:34:22","1","11","2",129);
INSERT INTO `produits` (`pro_nom`,`pro_lib`,`pro_desc`,`pro_stock`,`pro_stock_alert`,`pro_date_ajout`,`pro_publ`,`pro_cat_id`,`pro_fou_id`,`pro_prix`) VALUES ("ornare.","lacus. Quisque","Lorem ipsum dolor sit amet, consectetuer adipiscing elit. Curabitur sed tortor. Integer aliquam",24,6,"2020-01-17 18:54:13","1","1","1",48),("egestas","neque pellentesque massa lobortis","Lorem ipsum dolor sit amet, consectetuer adipiscing elit. Curabitur sed tortor. Integer aliquam adipiscing lacus. Ut nec urna et arcu imperdiet ullamcorper. Duis at lacus. Quisque purus sapien, gravida non,",21,5,"2020-03-01 19:40:09","0","1","1",95),("amet lorem","egestas rhoncus. Proin","Lorem ipsum dolor sit amet, consectetuer adipiscing elit. Curabitur sed tortor. Integer aliquam adipiscing lacus. Ut nec urna et arcu imperdiet ullamcorper. Duis at lacus. Quisque purus sapien,",24,5,"2020-02-17 23:27:30","0","1","1",70),("ac, fermentum","a, arcu. Sed et libero.","Lorem ipsum dolor sit amet, consectetuer adipiscing elit. Curabitur sed tortor.",22,5,"2020-01-16 13:30:33","1","1","1",3),("Sed","sem egestas","Lorem ipsum dolor sit amet, consectetuer adipiscing elit. Curabitur sed tortor. Integer aliquam adipiscing lacus. Ut nec urna et arcu imperdiet ullamcorper. Duis at lacus. Quisque purus sapien,",20,5,"2020-01-22 19:13:59","1","1","1",131),("a sollicitudin","sed leo.","Lorem ipsum dolor sit amet, consectetuer adipiscing elit. Curabitur sed tortor. Integer aliquam adipiscing lacus. Ut nec",14,6,"2020-02-02 08:05:23","1","1","1",65),("Phasellus ornare.","pede,","Lorem ipsum dolor sit amet, consectetuer adipiscing elit. Curabitur sed tortor. Integer aliquam adipiscing lacus.",18,4,"2020-03-11 11:58:07","0","1","1",54),("nascetur","scelerisque neque. Nullam nisl.","Lorem ipsum dolor sit amet, consectetuer adipiscing elit. Curabitur sed tortor. Integer aliquam adipiscing lacus.",14,4,"2020-01-20 07:06:08","0","1","1",24),("molestie","nibh.","Lorem ipsum dolor sit amet, consectetuer adipiscing elit. Curabitur sed tortor. Integer aliquam adipiscing lacus.",15,4,"2020-01-13 03:26:59","0","1","1",59),("Donec tincidunt.","aliquet.","Lorem ipsum dolor sit amet, consectetuer adipiscing elit. Curabitur sed tortor. Integer",17,7,"2020-03-02 20:57:29","1","1","1",116);
INSERT INTO `produits` (`pro_nom`,`pro_lib`,`pro_desc`,`pro_stock`,`pro_stock_alert`,`pro_date_ajout`,`pro_publ`,`pro_cat_id`,`pro_fou_id`,`pro_prix`) VALUES ("In faucibus.","vitae risus. Duis a mi","Lorem ipsum dolor sit amet, consectetuer adipiscing elit. Curabitur sed tortor. Integer aliquam adipiscing lacus. Ut nec",22,5,"2020-02-02 15:52:29","1","11","2",5),("elit","dictum","Lorem ipsum dolor sit amet, consectetuer adipiscing elit. Curabitur sed tortor.",17,5,"2020-01-02 10:51:51","0","11","2",123),("quis, tristique","elit,","Lorem ipsum dolor sit amet, consectetuer adipiscing elit. Curabitur sed tortor. Integer aliquam adipiscing lacus. Ut nec urna et arcu imperdiet ullamcorper. Duis at lacus.",23,9,"2020-01-21 03:22:56","1","11","2",12),("Suspendisse","velit eget","Lorem ipsum dolor sit amet, consectetuer adipiscing elit. Curabitur sed tortor. Integer aliquam adipiscing lacus. Ut nec urna et arcu imperdiet ullamcorper. Duis at lacus. Quisque purus sapien, gravida non,",24,8,"2020-01-22 19:17:55","1","11","2",24),("natoque","scelerisque neque. Nullam nisl. Maecenas","Lorem ipsum dolor sit amet, consectetuer adipiscing elit. Curabitur sed tortor. Integer aliquam adipiscing lacus. Ut nec urna et arcu imperdiet ullamcorper. Duis at lacus. Quisque purus",25,6,"2020-03-19 20:27:40","0","11","2",30),("fringilla euismod","tellus lorem eu metus.","Lorem ipsum dolor sit amet, consectetuer adipiscing elit. Curabitur sed",16,7,"2020-03-28 20:36:48","0","11","2",69),("lectus. Nullam","suscipit,","Lorem ipsum dolor sit amet, consectetuer adipiscing elit. Curabitur sed tortor. Integer aliquam adipiscing lacus. Ut nec",22,7,"2020-04-04 19:32:42","1","11","2",102),("ultrices","malesuada ut, sem.","Lorem ipsum dolor sit amet, consectetuer adipiscing elit. Curabitur sed tortor. Integer aliquam adipiscing lacus.",9,6,"2020-03-23 06:34:47","1","11","2",72),("feugiat.","lacus. Etiam bibendum","Lorem ipsum dolor sit amet, consectetuer adipiscing elit. Curabitur sed tortor. Integer aliquam adipiscing lacus. Ut nec urna et arcu imperdiet ullamcorper. Duis at lacus.",14,6,"2020-02-03 08:57:29","0","11","2",94),("adipiscing elit.","ridiculus mus.","Lorem ipsum dolor sit amet, consectetuer adipiscing elit. Curabitur sed tortor.",21,10,"2020-01-08 08:03:29","1","11","2",49);
INSERT INTO `produits` (`pro_nom`,`pro_lib`,`pro_desc`,`pro_stock`,`pro_stock_alert`,`pro_date_ajout`,`pro_publ`,`pro_cat_id`,`pro_fou_id`,`pro_prix`) VALUES ("pellentesque eget,","mi enim, condimentum eget, volutpat","Lorem ipsum dolor sit amet, consectetuer adipiscing elit. Curabitur sed tortor. Integer aliquam adipiscing lacus. Ut nec urna et arcu",21,9,"2020-03-27 14:34:26","1","1","1",54),("leo. Morbi","Maecenas ornare egestas","Lorem ipsum dolor sit amet, consectetuer adipiscing elit. Curabitur sed tortor. Integer aliquam adipiscing lacus. Ut nec urna",10,9,"2020-01-12 11:24:27","1","1","1",40),("Nulla tempor","Nulla","Lorem ipsum dolor sit amet, consectetuer adipiscing elit. Curabitur sed tortor. Integer aliquam adipiscing lacus. Ut nec urna et arcu imperdiet ullamcorper. Duis at lacus. Quisque purus sapien, gravida",15,10,"2020-02-16 03:18:55","1","1","1",11),("vitae erat","amet orci. Ut sagittis lobortis","Lorem ipsum dolor sit amet, consectetuer adipiscing elit. Curabitur sed tortor. Integer aliquam adipiscing lacus. Ut nec urna et arcu imperdiet ullamcorper. Duis at lacus. Quisque",21,10,"2020-02-24 08:32:34","0","1","1",104),("montes, nascetur","Cum sociis natoque","Lorem ipsum dolor sit amet, consectetuer adipiscing elit. Curabitur sed tortor. Integer aliquam adipiscing lacus. Ut nec urna et arcu",11,9,"2020-03-21 19:32:41","1","1","1",118),("ante lectus","sociis natoque penatibus","Lorem ipsum dolor sit amet, consectetuer adipiscing elit. Curabitur sed tortor. Integer aliquam adipiscing lacus. Ut nec urna et arcu imperdiet",12,9,"2020-02-29 14:15:57","0","1","1",103),("risus","tincidunt","Lorem ipsum dolor sit amet, consectetuer adipiscing elit. Curabitur sed tortor. Integer aliquam adipiscing lacus. Ut nec urna et arcu imperdiet",23,4,"2020-01-14 04:55:54","0","1","1",133),("in aliquet","vitae velit egestas","Lorem ipsum dolor sit amet, consectetuer adipiscing elit. Curabitur sed tortor. Integer aliquam adipiscing lacus.",10,6,"2020-02-23 03:04:10","0","1","1",100),("adipiscing","Aliquam auctor, velit","Lorem ipsum dolor sit amet, consectetuer adipiscing elit. Curabitur sed tortor. Integer aliquam adipiscing lacus. Ut nec urna et arcu imperdiet ullamcorper. Duis at lacus. Quisque purus",17,5,"2020-01-17 00:08:46","0","1","1",13),("parturient","Mauris","Lorem ipsum dolor sit amet, consectetuer adipiscing elit. Curabitur sed tortor. Integer aliquam adipiscing lacus. Ut",19,10,"2020-01-02 20:27:15","0","1","1",26);
INSERT INTO `produits` (`pro_nom`,`pro_lib`,`pro_desc`,`pro_stock`,`pro_stock_alert`,`pro_date_ajout`,`pro_publ`,`pro_cat_id`,`pro_fou_id`,`pro_prix`) VALUES ("montes, nascetur","In","Lorem ipsum dolor sit amet, consectetuer adipiscing elit. Curabitur sed tortor. Integer aliquam adipiscing lacus.",11,5,"2020-03-29 06:57:20","1","11","2",134),("luctus et","elit, pretium et,","Lorem ipsum dolor sit amet, consectetuer adipiscing elit. Curabitur sed tortor. Integer",15,9,"2020-03-08 08:20:50","1","11","2",110),("nulla. Donec","nec","Lorem ipsum dolor sit amet, consectetuer adipiscing elit. Curabitur sed tortor. Integer aliquam adipiscing lacus. Ut nec urna et arcu",20,9,"2020-04-09 09:28:21","1","11","2",130),("accumsan","lobortis, nisi nibh lacinia","Lorem ipsum dolor sit amet, consectetuer adipiscing elit. Curabitur sed tortor. Integer aliquam adipiscing lacus. Ut nec urna et arcu imperdiet ullamcorper. Duis at lacus. Quisque",22,10,"2020-02-05 09:38:41","1","11","2",134),("lobortis. Class","enim nisl elementum purus,","Lorem ipsum dolor sit amet, consectetuer adipiscing elit. Curabitur sed tortor. Integer aliquam adipiscing lacus. Ut nec urna et arcu",24,4,"2020-03-29 09:27:53","0","11","2",79),("ligula. Nullam","dui nec urna suscipit nonummy.","Lorem ipsum dolor sit amet, consectetuer adipiscing elit. Curabitur sed tortor. Integer aliquam adipiscing lacus. Ut nec urna et arcu imperdiet ullamcorper. Duis at lacus. Quisque",23,9,"2020-02-20 08:18:28","1","11","2",63),("luctus, ipsum","Cras pellentesque. Sed dictum.","Lorem ipsum dolor sit amet, consectetuer adipiscing elit. Curabitur sed tortor. Integer aliquam adipiscing lacus. Ut nec urna et arcu imperdiet ullamcorper. Duis",11,6,"2020-03-27 17:45:40","0","11","2",35),("velit","purus","Lorem ipsum dolor sit amet, consectetuer adipiscing elit. Curabitur sed tortor. Integer aliquam adipiscing lacus. Ut nec urna et arcu imperdiet ullamcorper.",9,4,"2020-02-13 12:25:32","0","11","2",109),("vel, vulputate","a, enim.","Lorem ipsum dolor sit amet, consectetuer adipiscing elit. Curabitur sed tortor.",21,6,"2020-03-10 06:15:45","1","11","2",7),("sem","lobortis mauris. Suspendisse","Lorem ipsum dolor sit amet, consectetuer adipiscing elit. Curabitur sed tortor. Integer aliquam adipiscing",24,4,"2020-02-27 06:16:23","1","11","2",2);

/* table commandes */

INSERT INTO `commandes` (`com_id`,`com_date`,`reduc`,`paie_date`,`paie_type`,`com_sal_id`,`com_cli_id`) VALUES (1,"2019-04-14 06:45:19","10.00","2019-10-24 21:30:27",0,21,20),(2,"2020-06-28 03:41:18","0.00","2019-03-25 00:42:53",0,24,5),(3,"2019-05-25 01:05:48","0.00","2019-04-06 16:49:56",0,22,11),(4,"2021-03-26 14:20:55","10.00","2020-12-27 16:11:12",0,21,30),(5,"2021-05-15 13:36:38","0.00","2021-05-17 11:43:50",0,21,6),(6,"2020-07-16 23:44:12","10.00","2020-05-20 01:27:26",0,21,24),(7,"2019-06-11 17:04:47","0.00","2019-11-07 22:42:14",0,21,25),(8,"2020-07-18 04:04:07","10.00","2020-10-08 18:03:26",0,23,6),(9,"2019-03-11 02:51:33","0.00","2020-04-09 10:18:38",0,22,6),(10,"2021-02-05 18:05:49","10.00","2019-09-19 00:09:01",0,23,38);
INSERT INTO `commandes` (`com_id`,`com_date`,`reduc`,`paie_date`,`paie_type`,`com_sal_id`,`com_cli_id`) VALUES (11,"2021-04-24 07:29:56","10.00","2019-07-20 09:16:42",0,22,10),(12,"2020-09-23 09:03:48","10.00","2019-12-01 07:40:15",0,25,5),(13,"2021-01-09 17:27:04","0.00","2020-11-06 13:13:19",0,25,5),(14,"2020-11-12 22:35:11","10.00","2020-06-15 17:50:06",0,25,15),(15,"2019-06-08 01:28:34","0.00","2021-05-12 23:36:21",0,21,4),(16,"2021-02-26 00:15:34","10.00","2019-10-26 16:11:30",0,22,16),(17,"2020-12-16 14:21:43","0.00","2020-02-08 13:54:20",0,21,4),(18,"2021-05-29 19:42:25","0.00","2021-05-01 04:18:56",0,22,32),(19,"2019-04-14 05:20:03","0.00","2019-05-15 21:48:44",0,24,19),(20,"2020-03-15 01:36:52","10.00","2020-07-21 20:19:36",0,22,28);
INSERT INTO `commandes` (`com_id`,`com_date`,`reduc`,`paie_date`,`paie_type`,`com_sal_id`,`com_cli_id`) VALUES (21,"2019-08-26 07:34:13","0.00","2021-05-07 23:48:16",0,21,30),(22,"2020-10-31 17:39:27","0.00","2020-06-24 09:48:49",0,21,38),(23,"2019-10-08 16:19:28","0.00","2020-11-16 08:33:13",0,24,29),(24,"2020-06-06 09:12:34","0.00","2020-10-15 07:29:29",0,25,34),(25,"2020-08-31 04:50:52","0.00","2020-05-23 16:58:17",0,24,24),(26,"2020-05-08 17:20:14","10.00","2019-04-08 04:57:41",0,23,33),(27,"2021-03-12 07:02:00","10.00","2020-10-03 23:12:19",0,25,24),(28,"2019-01-30 22:33:17","10.00","2020-11-20 05:31:01",0,22,9),(29,"2019-09-01 23:32:00","0.00","2021-02-07 20:23:35",0,22,33),(30,"2019-12-19 06:57:03","10.00","2019-06-04 04:21:11",0,24,22);
INSERT INTO `commandes` (`com_id`,`com_date`,`reduc`,`paie_date`,`paie_type`,`com_sal_id`,`com_cli_id`) VALUES (31,"2020-03-08 12:14:39","0.00","2020-06-22 05:23:29",0,23,4),(32,"2020-06-16 22:17:19","0.00","2019-07-22 02:56:41",0,23,16),(33,"2021-03-06 23:57:34","0.00","2019-03-14 17:16:57",0,22,23),(34,"2020-12-28 15:22:32","0.00","2021-02-17 07:12:33",0,21,35),(35,"2019-12-25 11:26:19","0.00","2019-04-23 01:39:11",0,22,14),(36,"2020-03-17 05:31:01","0.00","2020-11-02 11:19:42",0,25,27),(37,"2020-03-27 13:09:38","0.00","2021-05-23 16:59:58",0,22,37),(38,"2020-03-05 22:09:00","10.00","2019-12-14 02:31:37",0,23,17),(39,"2019-04-16 10:13:52","0.00","2019-03-28 13:36:05",0,21,39),(40,"2019-08-02 14:36:37","0.00","2019-05-20 14:54:06",0,22,10);
INSERT INTO `commandes` (`com_id`,`com_date`,`reduc`,`paie_date`,`paie_type`,`com_sal_id`,`com_cli_id`) VALUES (41,"2019-05-16 21:05:11","0.00","2021-01-03 08:08:31",0,23,10),(42,"2021-02-23 23:11:07","10.00","2020-09-23 23:56:52",0,21,19),(43,"2020-02-17 15:30:53","0.00","2020-01-27 03:49:24",0,24,7),(44,"2019-10-05 14:27:37","0.00","2019-12-07 05:11:10",0,25,35),(45,"2019-11-28 10:21:18","0.00","2020-05-03 14:43:47",0,22,24),(46,"2020-02-27 09:18:26","0.00","2020-04-17 01:40:53",0,24,33),(47,"2020-07-01 03:54:44","10.00","2020-01-16 09:08:55",0,25,16),(48,"2020-09-24 20:10:30","0.00","2020-10-03 18:00:59",0,25,36),(49,"2020-01-30 06:57:25","0.00","2020-07-18 02:00:12",0,24,25),(50,"2019-01-26 20:07:53","10.00","2020-11-25 02:25:50",0,24,35);
INSERT INTO `commandes` (`com_id`,`com_date`,`reduc`,`paie_date`,`paie_type`,`com_sal_id`,`com_cli_id`) VALUES (51,"2019-11-24 00:31:24","0.00","2020-09-21 08:37:21",0,23,39),(52,"2019-07-05 02:27:31","10.00","2019-04-11 10:40:39",0,25,36),(53,"2019-01-12 05:02:48","0.00","2020-09-30 06:30:09",0,22,37),(54,"2021-01-15 17:15:06","0.00","2020-06-01 05:46:36",0,23,28),(55,"2020-01-27 10:18:40","0.00","2019-08-13 19:51:41",0,24,23),(56,"2019-08-31 03:46:02","0.00","2019-07-03 20:45:01",0,22,22),(57,"2019-10-12 22:44:29","10.00","2020-12-07 11:38:41",0,22,5),(58,"2019-12-07 23:45:47","0.00","2020-06-22 16:47:58",0,25,35),(59,"2021-01-20 16:37:36","10.00","2019-10-18 22:35:12",0,25,30),(60,"2019-07-29 05:07:40","0.00","2020-05-29 17:38:42",0,21,9);
INSERT INTO `commandes` (`com_id`,`com_date`,`reduc`,`paie_date`,`paie_type`,`com_sal_id`,`com_cli_id`) VALUES (61,"2019-04-02 00:27:33","10.00","2019-08-29 13:44:11",0,24,40),(62,"2019-03-08 13:29:00","0.00","2020-10-21 07:53:08",0,21,4),(63,"2019-02-04 23:51:35","0.00","2019-09-18 13:18:15",0,25,28),(64,"2021-01-31 16:19:20","0.00","2019-12-04 06:39:19",0,23,26),(65,"2021-02-07 08:09:18","0.00","2021-04-11 13:06:10",0,25,14),(66,"2019-06-10 23:29:31","0.00","2021-05-18 11:06:29",0,25,6),(67,"2020-01-24 01:41:09","10.00","2020-06-25 15:36:07",0,24,29),(68,"2020-08-22 15:19:28","0.00","2020-10-29 12:42:58",0,25,39),(69,"2019-08-30 18:56:14","10.00","2019-05-08 13:45:05",0,24,36),(70,"2020-11-27 05:24:24","0.00","2020-08-29 03:35:21",0,24,8);

INSERT INTO `commandes` (`com_id`,`com_date`,`reduc`,`paie_date`,`paie_type`,`com_sal_id`,`com_cli_id`) VALUES (71,"2020-11-23 22:37:37","0.00","2020-11-03 21:02:41",1,15,45),(72,"2019-04-30 17:35:37","0.00","2021-04-23 13:57:05",1,16,52),(73,"2019-02-12 22:00:53","10.00","2021-02-20 11:10:41",1,16,41),(74,"2019-11-02 16:54:18","0.00","2019-02-10 00:12:06",1,17,55),(75,"2019-10-10 11:42:12","10.00","2020-03-30 05:43:02",1,16,58),(76,"2019-06-20 14:34:43","0.00","2020-02-10 10:15:45",1,15,54),(77,"2021-02-08 07:06:45","0.00","2020-04-19 18:45:50",1,17,55),(78,"2019-01-08 11:45:24","10.00","2021-05-02 07:08:37",1,19,57),(79,"2020-06-28 03:47:35","0.00","2021-01-11 15:38:20",1,15,45),(80,"2020-11-17 13:20:29","10.00","2019-04-01 05:31:58",1,15,52);
INSERT INTO `commandes` (`com_id`,`com_date`,`reduc`,`paie_date`,`paie_type`,`com_sal_id`,`com_cli_id`) VALUES (81,"2019-09-25 23:36:08","0.00","2019-04-28 13:23:28",1,18,51),(82,"2019-03-30 04:14:31","0.00","2020-12-01 16:32:22",1,20,52),(83,"2019-01-24 02:48:16","0.00","2021-02-04 05:55:38",1,19,56),(84,"2020-12-23 13:24:56","0.00","2020-06-05 07:29:45",1,15,42),(85,"2019-09-13 10:17:30","10.00","2020-11-01 01:56:46",1,20,47),(86,"2019-01-25 14:17:43","0.00","2020-08-20 01:48:30",1,19,54),(87,"2019-07-22 22:08:25","0.00","2019-09-02 08:11:46",1,20,52),(88,"2020-11-16 04:57:49","0.00","2019-08-25 14:26:07",1,20,55),(89,"2019-12-22 15:41:44","0.00","2019-12-04 08:30:27",1,15,60),(90,"2020-10-21 16:24:39","0.00","2019-01-14 07:56:02",1,15,49);
INSERT INTO `commandes` (`com_id`,`com_date`,`reduc`,`paie_date`,`paie_type`,`com_sal_id`,`com_cli_id`) VALUES (91,"2019-01-06 22:23:38","0.00","2021-02-06 08:44:25",1,19,43),(92,"2021-05-07 04:27:50","0.00","2020-01-01 10:01:12",1,15,49),(93,"2020-02-23 12:32:15","0.00","2019-04-18 10:31:32",1,20,53),(94,"2020-11-27 04:26:34","0.00","2020-02-01 08:02:18",1,18,43),(95,"2020-12-30 02:21:33","0.00","2019-10-10 03:06:31",1,17,57),(96,"2019-01-12 03:56:07","0.00","2019-08-01 13:43:56",1,19,60),(97,"2020-01-14 18:06:23","10.00","2020-11-27 18:53:02",1,16,60),(98,"2021-02-19 05:35:09","10.00","2020-06-01 00:01:48",1,17,58),(99,"2020-02-10 21:21:23","10.00","2020-09-27 18:02:47",1,19,48),(100,"2020-01-16 05:24:18","0.00","2019-02-21 05:07:38",1,15,50);
INSERT INTO `commandes` (`com_id`,`com_date`,`reduc`,`paie_date`,`paie_type`,`com_sal_id`,`com_cli_id`) VALUES (101,"2021-04-20 11:36:01","0.00","2020-09-03 14:51:21",1,16,47),(102,"2020-11-27 16:57:44","0.00","2020-08-23 21:42:45",1,15,48),(103,"2021-03-16 03:36:20","0.00","2019-09-02 05:49:14",1,15,57),(104,"2021-01-18 22:31:19","0.00","2020-09-04 17:57:41",1,20,60),(105,"2019-04-28 01:50:51","0.00","2020-10-26 10:49:00",1,15,59),(106,"2019-06-02 07:42:14","0.00","2019-02-18 20:28:34",1,18,52),(107,"2021-01-18 19:28:53","0.00","2021-02-28 10:04:21",1,20,57),(108,"2021-01-31 21:56:04","0.00","2021-02-02 16:15:37",1,16,41),(109,"2021-05-17 20:51:15","10.00","2019-12-16 19:04:35",1,15,43),(110,"2020-07-19 14:41:01","0.00","2020-12-13 17:59:30",1,18,45);
INSERT INTO `commandes` (`com_id`,`com_date`,`reduc`,`paie_date`,`paie_type`,`com_sal_id`,`com_cli_id`) VALUES (111,"2020-08-09 15:39:24","10.00","2019-01-22 23:36:16",1,16,43),(112,"2019-03-29 09:28:31","0.00","2019-05-22 06:39:02",1,20,57),(113,"2019-01-26 22:48:56","10.00","2020-06-23 03:41:56",1,19,55),(114,"2019-04-25 20:00:04","0.00","2019-04-17 02:15:59",1,15,53),(115,"2019-03-06 05:27:02","10.00","2021-04-04 13:49:08",1,15,57),(116,"2021-04-23 15:29:08","0.00","2021-04-20 09:42:25",1,16,49),(117,"2019-12-23 19:38:25","0.00","2021-04-14 16:48:34",1,20,59),(118,"2021-04-23 14:01:56","0.00","2021-02-02 16:36:10",1,18,58),(119,"2021-05-16 08:20:17","0.00","2020-05-27 18:35:23",1,17,57),(120,"2020-08-09 18:23:08","10.00","2021-03-17 14:30:54",1,15,41);
INSERT INTO `commandes` (`com_id`,`com_date`,`reduc`,`paie_date`,`paie_type`,`com_sal_id`,`com_cli_id`) VALUES (121,"2019-08-05 08:52:49","10.00","2021-01-09 14:57:28",1,20,58),(122,"2019-09-09 00:23:14","0.00","2020-08-12 00:09:01",1,17,55),(123,"2020-03-22 02:26:00","0.00","2020-11-28 10:03:09",1,15,54),(124,"2020-05-15 13:03:03","10.00","2020-03-18 00:48:19",1,18,47),(125,"2020-04-23 21:10:21","0.00","2020-03-10 16:01:59",1,17,60),(126,"2020-11-29 22:11:22","0.00","2019-07-12 14:56:28",1,17,42),(127,"2020-04-25 07:59:21","0.00","2020-11-01 05:02:49",1,18,58),(128,"2021-04-27 15:05:44","0.00","2020-03-11 02:28:12",1,19,58),(129,"2020-11-18 19:36:25","10.00","2020-03-26 16:51:25",1,15,54),(130,"2021-05-22 19:23:52","10.00","2019-08-28 23:06:37",1,18,59);
INSERT INTO `commandes` (`com_id`,`com_date`,`reduc`,`paie_date`,`paie_type`,`com_sal_id`,`com_cli_id`) VALUES (131,"2020-04-07 14:16:02","0.00","2020-11-29 16:46:05",1,18,41),(132,"2020-02-11 10:40:50","0.00","2019-06-20 04:38:14",1,20,47),(133,"2019-03-20 19:23:35","0.00","2021-03-04 17:32:44",1,15,42),(134,"2019-04-29 19:41:17","10.00","2019-03-12 15:32:39",1,19,51),(135,"2020-09-16 02:45:24","0.00","2019-04-28 20:27:35",1,17,55),(136,"2019-06-14 14:02:22","0.00","2020-07-10 14:20:35",1,16,43),(137,"2019-12-09 12:13:12","0.00","2019-03-19 06:41:40",1,16,59),(138,"2019-12-11 09:39:24","0.00","2020-11-29 12:08:40",1,20,43),(139,"2020-02-03 17:32:02","10.00","2020-10-23 08:31:25",1,20,48),(140,"2019-12-02 06:52:35","0.00","2020-05-14 20:53:39",1,15,58);
INSERT INTO `commandes` (`com_id`,`com_date`,`reduc`,`paie_date`,`paie_type`,`com_sal_id`,`com_cli_id`) VALUES (141,"2020-05-08 16:20:27","0.00","2020-07-02 05:41:23",1,20,55),(142,"2019-11-29 08:25:44","0.00","2019-02-11 14:52:27",1,16,52),(143,"2020-02-24 02:28:56","10.00","2019-05-15 07:13:01",1,15,52),(144,"2021-04-04 16:03:24","0.00","2020-12-11 15:35:42",1,18,55),(145,"2020-04-26 20:06:23","10.00","2019-05-21 14:14:55",1,20,44),(146,"2019-04-19 16:26:03","0.00","2021-04-19 22:09:27",1,16,58),(147,"2019-01-09 00:06:41","0.00","2019-03-17 23:12:07",1,20,43),(148,"2019-10-03 06:14:59","0.00","2019-08-19 04:01:31",1,20,51),(149,"2021-03-27 23:00:54","0.00","2020-06-17 00:09:09",1,19,47),(150,"2019-02-12 09:39:58","10.00","2021-04-14 10:07:30",1,18,48);


/* table com_details */

